Actual_Revenue,predicted_Revenue
593.2,583.1938
636.7,652.8749
687.0,697.30945
734.5,738.2266
3106.4,3105.6062
3691.6,3660.4775
3822.9,3706.6128
4371.5,4349.702
389.6,400.241
415.2,400.3325
438.0,442.1554
479.8,478.14883
5711.3,5774.1885
5844.2,5959.4106
6555.1,6563.8247
7675.6,7672.035
3094.2,3105.6282
3281.7,3313.1086
3282.1,3269.7983
3162.1,3160.9668
2747.5,2837.1118
3009.5,2923.4482
3095.6,3099.2434
3297.0,3291.597
6387.4,6374.272
6014.8,6080.506
6084.6,6054.923
6444.2,6489.1475
6583.8,6723.616
6810.4,7048.462
7168.5,7475.112
7117.1,7180.969
4673.0,4641.9272
5102.1,5090.6104
5853.9,5761.031
6764.0,6734.847
7746.475,7749.2017
7746.475,7747.8
7746.475,7747.6416
7746.475,7745.1543
295.3,308.4949
266.7,268.5303
194.5,210.0436
170.6,185.95308
3533.5,3523.8506
3302.9,3333.9065
3517.8,3559.8323
3577.8,3638.6128
1067.8,1074.572
1194.6,1198.4877
1402.8,1383.1707
1671.6,1697.1045
1158.1,1174.5541
1404.4,1418.1473
1408.8,1376.7097
1623.4,1566.4268
7357.3,7470.139
7746.475,7760.0737
7746.475,7744.606
7746.475,7745.7573
1283.2,1296.7047
1119.0,1130.3641
1219.4,1286.0386
1249.8,1261.9734
3932.8,3976.1096
4066.6,4005.562
4012.2,4069.2815
4630.8,4617.709
7746.475,7751.733
7746.475,7739.862
7746.475,7746.6914
7746.475,7750.788
7746.475,7748.7266
7746.475,7747.389
7746.475,7748.1187
7746.475,7746.6914
6865.1,6852.3945
7487.0,7416.0713
7317.2,7221.0835
7746.475,7775.0415
1652.2,1595.0918
1721.3,1738.0535
1229.6,1246.1046
1100.4,1086.7366
805.9,805.0693
921.1,931.42096
953.8,932.01263
1009.7,1012.1829
1095.5,1117.0231
1139.3,1137.4437
1080.1,1054.3485
924.5,900.684
7746.475,7742.8584
7746.475,7743.2925
7746.475,7746.537
7746.475,7737.474
554.7,552.67816
586.9,581.9904
530.5,536.1658
522.7,518.8652
7746.475,7747.597
7746.475,7745.697
7746.475,7743.2773
7746.475,7745.7573
3762.3,3763.5693
4253.6,4444.9165
5268.2,5330.7417
6291.5,6331.4517
4726.3,4826.272
5340.3,5405.3276
6033.6,6129.594
6674.2,6685.8745
742.6,736.99506
738.2,759.10144
657.6,668.0039
638.4,635.4879
987.0,978.0382
1101.5,1114.7234
1204.6,1168.2246
1356.5,1370.1134
977.7,982.2348
836.1,807.1589
839.3,841.5633
836.2,865.189
477.0,463.7041
486.3,486.8979
520.1,524.3867
556.0,549.4135
1264.0,1290.5583
1315.8,1299.3116
1306.6,1334.1898
1244.4,1238.5752
7746.475,7749.412
7746.475,7748.1187
7746.475,7747.0376
7746.475,7746.6914
1375.3,1355.0511
1711.1,1769.9933
1941.7,1979.1295
2196.1,2143.86
2390.3,2404.3242
2744.7,2745.0247
2901.3,2887.8787
2872.1,2893.7107
5289.1,5364.0786
4941.0,5021.6123
4776.1,4752.5464
4183.6,3969.106
928.4,925.75006
931.9,912.38
1025.5,1047.0343
1039.9,1043.9352
1867.7,1867.0288
2118.0,2148.9407
2395.7,2409.2373
2744.5,2742.8403
3602.6,3663.1704
3642.3,3657.3896
4002.7,4011.117
4126.1,4089.2476
7691.9,7745.519
7746.475,7761.3013
7708.9,7735.4653
6929.7,6930.277
1013.3,1005.7684
943.3,957.0769
1012.9,961.47485
922.7,910.4255
368.8,375.12457
396.7,399.28754
394.9,388.90665
423.4,416.9623
7746.475,7746.364
7746.475,7748.1187
7746.475,7749.255
7746.475,7746.364
599.2,600.10443
641.5,647.0357
696.0,712.03357
662.3,672.61224
7746.475,7743.4966
7746.475,7742.701
7746.475,7744.435
7746.475,7744.435
260.1,272.03473
284.0,275.8447
305.5,310.77173
296.1,294.419
3510.1,3586.5808
4266.2,4228.2437
4449.2,4369.7246
4740.9,4822.5215
500.7,486.75974
545.2,549.00464
588.2,597.0146
656.1,652.5507
1786.5,1926.4784
1966.1,1960.8524
2042.9,2084.423
2316.1,2260.5376
246.4,228.60768
262.8,258.62943
277.0,279.1952
299.0,302.35306
1812.1,1748.822
2090.4,2075.252
2348.4,2393.3032
2495.3,2466.4915
728.6,723.31226
681.8,679.2229
677.9,678.90515
656.7,656.9643
7746.475,7748.827
7746.475,7746.907
7746.475,7749.412
7746.475,7748.741
709.4,717.74036
655.8,652.32086
600.6,617.8477
625.3,638.47375
673.7,667.35657
694.0,691.35077
710.2,712.91345
774.0,768.7298
975.2,956.1758
1123.9,1072.1735
1084.2,1102.813
1102.7,1127.5796
652.9,653.7242
711.0,716.681
739.7,728.2144
742.1,756.48395
761.4,772.93994
706.8,716.34735
650.2,654.1226
657.1,674.7435
1153.7,1151.1486
1169.2,1176.4093
1211.5,1228.9388
1335.2,1309.1389
2636.7,2635.3877
2760.8,2745.036
2937.6,2930.3281
3061.3,3258.4243
7338.6,7198.8696
7746.475,7781.32
7746.475,7745.9473
7746.475,7747.141
1157.7,1175.5869
1239.1,1194.33
1262.4,1254.2529
1282.8,1316.2073
1736.7,1703.9093
1883.8,1858.3142
2018.6,1983.7489
2299.3,2293.1768
824.0,815.7214
831.9,847.15967
803.7,790.64465
814.4,808.2659
1843.0,1855.9436
1942.5,1908.6233
1994.4,1971.0178
1995.3,1999.3557
460.6,461.9532
471.2,474.65182
480.9,486.17023
462.2,487.573
4684.4,4663.1685
5804.1,5883.629
5807.9,5815.737
6162.4,6153.3057
7746.475,7748.1187
7746.475,7747.7744
7746.475,7747.7744
7746.475,7747.388
2138.4,2157.7866
2218.5,2243.9033
2277.8,2300.8167
2379.3,2472.7588
3212.1,3166.05
3734.5,3817.031
4047.6,4048.8667
4797.4,4687.6885
604.5,602.6159
603.7,605.82904
646.1,648.08716
705.0,707.55554
1435.5,1403.0319
1796.1,1781.4437
1761.1,1698.4436
2043.7,1879.5487
2411.5,2442.7278
2678.4,2711.6472
3009.2,3051.6724
3541.1,3483.2273
3627.0,3628.8896
4008.9,3969.9868
4596.4,4589.8447
5019.2,5005.8384
7746.475,7747.437
7746.475,7745.8984
7746.475,7747.97
7746.475,7719.857
463.6,445.98825
402.9,361.2618
430.2,434.54474
422.1,427.24353
6543.6,7086.286
7746.475,7723.8647
7746.475,7735.6436
6942.5,7458.131
7746.475,7742.759
7746.475,7738.682
7746.475,7746.4375
7746.475,7748.6104
1232.7,1257.0541
1390.1,1395.3461
1445.1,1372.9376
1519.0,1505.1863
5916.6,6051.684
6105.8,6050.3286
5619.8,5500.7314
5215.9,5216.0234
5615.6,5656.7246
5740.8,5758.865
6029.2,6082.442
6096.2,6087.67
3815.3,3866.097
3686.4,3636.1833
3880.7,3813.1272
3696.9,3624.8508
3018.3,3052.135
3258.5,3322.8105
3753.4,3763.5947
4337.2,4372.3213
1960.6,1934.363
2104.6,2064.104
2181.7,2198.4797
2382.0,2339.9946
3848.7,3775.5886
3339.7,3247.7463
3270.2,3356.2705
3293.6,3210.1538
7746.475,7747.174
7746.475,7743.668
7746.475,7746.52
7746.475,7748.1187
1242.6,1262.0035
1289.0,1286.6346
1535.7,1567.9293
1624.2,1640.6486
1795.1,1759.0032
1553.7,1505.2798
1471.5,1471.259
1668.6,1715.8766
6385.3,6442.0
7185.8,7211.732
7212.4,7337.4795
6572.5,6472.1616
3356.1,3351.0503
3120.0,3033.403
2929.0,2913.1487
2792.0,2852.3198
3108.8,3136.0752
2553.3,2714.1584
2659.1,2612.0112
2801.1,2805.9841
545.7,547.7057
516.7,490.348
468.8,450.96494
502.4,465.8868
359.3,363.7267
314.5,312.39713
302.0,314.42548
275.3,275.79965
1265.3,1307.2931
1296.1,1294.284
1310.8,1299.7076
1350.4,1345.0979
2011.1,1954.4749
2151.1,2199.8801
2005.8,2011.4259
2353.3,2321.6733
1982.3,1938.1927
2233.1,2270.6553
2299.9,2298.9941
2594.3,2616.5005
7746.475,7735.4966
7746.475,7758.343
7746.475,7746.6914
7746.475,7748.0996
7746.475,7704.184
7746.475,7738.708
7746.475,7747.2705
7746.475,7730.119
1390.5,1401.0929
1429.8,1432.6896
1520.2,1503.461
1664.3,1640.3773
3562.6,3497.4817
2993.9,3101.5676
2564.4,2649.9976
2230.7,2257.2578
1189.7,1166.7477
1370.3,1409.8341
1493.7,1504.4739
1463.2,1458.6421
1155.4,1127.5803
1017.8,1028.8793
1178.2,1189.8197
1304.8,1279.7153
7693.9,7647.319
7746.475,7747.165
7746.475,7746.6
7746.475,7748.586
7746.475,7748.1406
7746.475,7747.704
7746.475,7747.937
7746.475,7745.1387
2894.2,2883.7568
2876.3,2869.7397
2970.7,3006.3157
3263.0,3290.985
7746.475,7747.6904
7746.475,7744.552
7746.475,7744.552
7746.475,7751.2617
7746.475,7749.659
7746.475,7762.615
7746.475,7746.2183
7746.475,7747.73
5877.0,5900.744
5173.7,5150.5146
4922.5,5017.301
4129.6,3938.822
3017.2,2962.5378
3885.5,3770.6973
3907.6,3906.2642
4373.5,4361.09
885.1,881.20154
979.5,980.95325
1099.6,1104.5505
1068.0,1080.3763
517.4,512.7832
536.6,545.1712
593.6,620.2699
593.1,596.1476
4330.3,4327.175
5335.3,5495.341
6008.9,6072.4424
6715.5,6635.9146
1257.2,1414.4164
1115.0,1138.1605
975.3,1002.1187
754.7,765.31433
350.6,363.42328
366.0,378.2721
385.2,384.80737
337.0,327.53226
330.6,345.2271
338.5,338.89957
358.9,354.72787
386.8,392.24942
1072.8,1069.2769
1046.3,1051.4979
1175.8,1135.0875
1302.8,1314.479
930.4,933.4049
946.2,947.3954
968.6,946.6994
1054.9,1068.582
1148.9,1144.9779
989.2,955.7
1050.8,1073.939
1091.5,1067.5198
2575.9,2603.9133
3045.9,3041.244
3533.4,3605.6804
3631.9,3619.9927
760.8,765.54596
804.3,803.87335
750.6,762.4372
763.9,762.5496
7275.0,7222.5005
7273.7,7334.6045
7746.475,7745.964
7746.475,7748.6396
7746.475,7747.0376
7746.475,7747.0376
7746.475,7747.7744
7746.475,7747.0376
1407.1,1407.03
1263.2,1265.9563
1288.9,1279.5804
1321.9,1289.8082
4863.8,4767.3027
5145.4,5167.494
6030.3,6085.61
5626.2,5664.268
3279.2,3321.5918
3463.9,3339.4263
3821.9,3774.7954
4331.6,4478.1733
2492.0,2529.7947
2760.7,2701.5103
3085.4,3047.3262
3575.1,3621.8513
762.2,760.4708
748.9,745.0918
654.3,648.4768
713.5,715.1709
1940.4,1908.6051
2037.5,2066.5178
2248.7,2258.3452
2423.2,2420.3481
2465.0,2525.9875
2292.0,2351.1555
1876.4,2039.5326
1816.2,1892.7078
7746.475,7746.9507
7746.475,7743.796
7746.475,7743.9106
7746.475,7748.1274
879.1,827.63324
905.2,894.04095
757.8,717.4934
749.5,759.32367
892.5,870.57794
879.7,875.7751
843.0,838.6794
840.5,852.74866
7671.1,7633.4043
7746.475,7747.045
7746.475,7746.6934
7746.475,7730.36
1539.9,1492.1807
1472.1,1454.0438
1570.4,1597.3123
1673.3,1666.0383
883.0,897.2014
1092.7,1099.1172
1117.7,1123.0072
1033.5,994.9503
877.2,880.43524
820.6,834.1154
797.6,790.8219
879.9,889.2322
7092.5,7184.832
5842.1,5845.3916
5018.1,4916.0796
4835.0,4797.132
1228.3,1288.248
1184.0,1198.0193
1142.8,1136.7714
1162.0,1161.7622
809.9,806.4792
836.9,821.62213
852.4,869.3931
959.4,947.6663
5181.3,5196.7583
6017.2,6056.5464
7276.9,7260.2534
7528.4,7530.597
2433.8,2491.9602
2736.9,2783.4543
2830.0,2862.7993
2921.6,2974.7263
1475.1,1481.6805
1328.4,1330.7094
1307.3,1320.9233
1370.7,1378.5074
1459.3,1498.0636
1558.3,1579.1177
1530.6,1486.3418
1779.3,1744.7676
5966.7,6044.07
6338.8,6260.7354
7728.5,7804.613
7746.475,7747.1807
982.8,980.5479
1083.0,1101.5712
1117.0,1114.0695
1017.1,1023.8299
7656.4,7540.4263
6580.6,6677.7534
5920.4,5915.7383
5877.7,5922.1416
7746.475,7745.4375
7746.475,7747.4365
7746.475,7748.478
7746.475,7747.389
7746.475,7748.8535
7746.475,7747.3525
7746.475,7747.065
7746.475,7747.956
2763.9,2728.8992
2583.2,2603.41
2411.5,2491.425
2485.5,2489.3904
7746.475,7745.5923
7746.475,7742.557
7746.475,7781.9907
7746.475,7747.6104
7746.475,7746.0884
7746.475,7747.136
7746.475,7739.767
7746.475,7745.319
918.9,931.455
977.6,1000.0028
1037.2,1009.5489
1132.2,1145.5035
3850.7,3891.1233
3660.7,3642.4424
3648.4,3661.6917
3573.5,3582.2278
6863.1,6952.5347
6986.7,6921.7036
7670.1,7524.1055
7746.475,7738.423
7746.475,7744.2603
7746.475,7759.094
7746.475,7738.4746
7746.475,7747.718
4760.4,4663.902
5476.3,5496.052
6114.3,6102.5117
6055.5,6055.6177
7746.475,7747.542
7746.475,7747.542
7746.475,7747.34
7746.475,7748.1187
1270.6,1247.8995
1304.0,1257.8185
1427.7,1454.7291
1508.5,1516.3347
1546.5,1533.8914
1650.5,1636.675
1608.5,1584.5818
1715.1,1662.7306
4501.0,4487.373
4689.2,4692.118
4857.2,4897.7964
4883.4,4855.6035
7746.475,7746.977
7746.475,7747.2505
7746.475,7747.7744
7746.475,7747.6104
1830.6,1788.7534
1886.4,1865.0822
2017.0,1994.1514
1893.8,1878.9412
653.9,655.8281
669.2,669.4061
661.4,655.8557
698.8,699.55255
3321.8,3378.4546
3167.3,3034.3235
3213.0,3177.3867
3270.8,3274.3777
1124.4,1120.364
1166.2,1157.7432
929.5,960.6472
896.5,1043.1147
7746.475,7737.643
7746.475,7747.5083
7746.475,7741.5195
7746.475,7769.463
2630.9,2702.4473
2546.6,2625.7573
2539.8,2586.0413
2673.6,2649.1118
1177.7,1171.4438
1172.3,1159.6372
1320.7,1303.6599
1570.1,1564.3179
574.6,576.0913
497.5,483.81143
451.4,449.83063
443.9,438.45673
772.2,781.06366
800.0,820.0316
864.0,848.4898
899.6,905.5025
7504.2,7515.879
7537.8,7548.7676
7369.3,7555.4814
7392.3,7495.247
859.5,859.7922
989.6,1001.0168
1013.1,1006.6424
1023.4,1030.3036
330.0,326.05084
300.3,309.24103
238.9,234.5231
223.6,223.44891
7746.475,7702.5796
7746.475,7730.6187
7746.475,7749.4546
7746.475,7743.46
3095.3,3108.183
3235.3,3168.718
3522.2,3495.732
3654.2,3644.3376
2367.5,2370.9163
2513.1,2436.6018
2620.3,2641.3113
2639.9,2678.0813
4242.0,4193.17
5076.5,5222.925
6326.9,6347.4507
6860.0,7058.215
2069.9,2072.1638
2102.5,2102.9011
2201.5,2198.5771
2534.0,2511.2917
1308.8,1342.8026
1344.3,1375.3093
1301.3,1331.6283
1366.7,1387.4418
2852.0,2857.1921
3108.3,3166.748
3269.0,3195.4492
3865.3,3782.328
3377.1,3388.4995
3139.0,3250.7402
3163.7,3150.6838
3164.3,3184.4712
775.3,764.00476
711.7,713.2712
807.3,818.3534
791.8,803.9956
1137.5,1115.1876
972.5,868.3627
951.0,950.5942
1046.7,1033.1508
505.4,497.86703
665.3,612.9268
764.6,756.0157
793.8,796.89
3568.8,3544.7283
3513.7,3502.3245
3280.7,3346.0388
2602.3,2811.1177
3113.2,3119.7314
3552.3,3558.8027
3720.1,3768.028
3806.3,3900.7988
4436.9,4472.3696
5552.7,5820.6387
5946.8,5978.574
6856.4,6715.922
2268.1,2244.334
2413.9,2452.2498
2425.3,2437.7046
2345.5,2298.8767
4379.1,4489.5376
5003.8,4948.1616
5872.5,5803.9077
6410.6,6461.975
949.2,943.93225
971.5,967.59863
1010.4,1004.1814
1004.8,1028.0717
537.2,538.84235
638.0,635.70935
701.8,702.4253
744.9,743.1656
2906.8,2873.9922
2996.3,3074.557
3155.3,3205.366
3522.6,3586.1206
1246.8,1229.6417
1155.9,1149.1588
1084.5,1082.0194
1137.5,1101.0576
1567.5,1544.1411
1741.6,1762.0985
1663.4,1638.3544
1703.0,1687.3003
7746.475,7624.0977
7746.475,7728.8003
7746.475,7744.5747
7746.475,7771.5117
4246.2,3913.8794
3755.4,3696.4487
4212.5,4223.258
4374.2,4340.8457
422.4,423.63208
450.9,445.2933
370.7,347.0181
370.0,363.76572
631.0,627.2088
631.9,625.644
701.8,710.12396
743.0,739.39655
4375.3,4307.2173
4716.6,4686.539
5610.5,5603.813
5837.6,5801.6836
1849.7,1783.0005
2026.6,2162.8171
2131.4,2142.6262
2181.4,2154.9868
1614.9,1558.554
1542.0,1548.8821
1804.4,1811.63
1757.2,1714.7452
4029.9,4032.937
3728.1,3711.1938
3044.4,3335.3308
3137.3,3176.0076
765.2,767.4352
877.2,874.3872
991.6,1004.4876
1091.4,1102.8777
7746.475,7747.0376
7746.475,7747.5083
7746.475,7747.7744
7746.475,7749.221
973.4,996.9539
848.6,839.86176
915.5,922.15283
904.7,905.70044
1812.0,1841.5216
2093.5,1820.5629
2141.3,2214.5059
2020.3,2015.9558
7746.475,7737.926
7746.475,7746.2715
7746.475,7748.1187
7746.475,7743.82
1519.3,1515.6705
1561.0,1558.0958
1771.5,1773.6764
1890.3,1872.9912
1243.7,1286.8541
1221.1,1154.2369
1240.8,1259.5775
1275.6,1265.7504
1368.3,1389.3071
1445.9,1471.2192
1581.4,1562.8003
1526.2,1514.1597
1028.3,1021.3643
1010.6,1025.4291
1074.7,1099.384
1114.5,1121.1162
7746.475,7749.3257
7746.475,7748.353
7746.475,7746.504
7746.475,7744.868
3752.5,3724.2773
4120.6,4147.759
4443.5,4362.3354
4660.7,4815.7446
1146.6,1153.2755
1126.4,1164.7402
1124.0,1126.1035
1104.4,1141.9197
2709.5,2748.477
2854.3,2804.8738
3255.0,3241.42
3973.8,4026.76
3481.4,3510.0098
3305.2,3287.1482
3330.2,3385.352
3197.6,3157.095
918.4,924.3986
1001.2,1022.08936
839.4,843.2838
819.6,832.2437
642.6,623.8734
662.8,664.58795
748.4,737.83124
716.5,733.6564
253.7,245.94522
218.8,207.46579
205.0,201.74713
178.5,202.69046
5577.5,5547.2856
5472.6,5460.1187
6436.9,6473.3574
7746.475,7721.2153
7746.475,7747.579
7746.475,7717.05
7746.475,7746.5938
7746.475,7742.847
293.4,301.18365
265.4,261.1248
231.0,235.97348
216.4,220.74207
1831.1,1781.5872
2241.7,2374.6824
2271.4,2313.0823
2588.3,2577.737
1045.5,1045.6417
1248.1,1234.2235
1402.8,1429.963
1543.7,1545.2118
2712.6,2721.9358
2780.0,2797.1511
2819.5,2840.0237
2743.9,2762.7573
1208.5,1196.1677
1102.1,1136.9337
1327.0,1281.1869
1350.3,1296.3818
3019.3,3033.6616
3308.7,3319.2314
3733.7,3776.4756
3857.0,3861.412
2681.2,2631.594
2891.9,2926.4182
2968.3,2909.9128
2847.5,2798.6824
421.7,409.02393
515.7,505.25436
550.8,558.1004
549.4,545.3344
4374.3,4447.879
4584.0,4635.354
4848.4,4860.301
4959.3,5036.5796
1350.9,1357.8143
1438.0,1458.0905
1381.0,1367.9135
1257.4,1270.0247
1488.9,1518.1793
1421.7,1469.7665
1449.6,1359.8334
1426.5,1366.7305
484.2,482.58255
509.6,512.08936
583.0,595.40436
629.2,637.5951
747.4,734.2023
661.0,666.1674
676.2,674.8126
647.8,649.9404
1482.1,1414.6763
1594.2,1613.8473
1764.7,1833.2048
2071.9,2069.2808
3102.6,3074.3352
2936.5,2859.1975
2932.5,2972.8296
2768.8,2807.7244
685.4,687.5456
786.2,767.05145
853.5,849.96783
946.4,937.91833
814.9,822.7762
844.1,837.1644
832.5,822.2668
801.6,781.33655
2668.2,2667.258
3114.5,3132.7363
3650.2,3655.3806
4040.5,4077.3933
7746.475,7740.077
7746.475,7741.6875
7746.475,7735.5854
7746.475,7766.3564
341.1,336.82663
352.6,339.46585
380.0,409.66644
419.9,427.68607
557.5,563.07947
619.9,605.46216
705.8,693.5147
766.7,753.5334
7746.475,7749.9087
7746.475,7745.8823
7746.475,7747.6104
7746.475,7746.364
2849.3,2769.8308
3174.1,3177.147
3762.9,3786.4731
4420.6,4444.9917
3133.4,3192.5508
3733.9,3737.0217
3575.4,3588.1968
3709.3,3708.691
798.2,793.15356
790.8,780.57666
832.1,828.75635
806.5,788.74475
7746.475,7746.364
7746.475,7748.478
7746.475,7747.388
7746.475,7747.67
1206.9,1218.5991
1206.9,1214.1605
1139.7,1140.0402
1214.3,1208.8612
2626.9,2574.5212
2898.3,2897.0369
3094.0,3057.626
3429.0,3429.7222
743.9,739.5355
879.8,907.51843
907.8,888.35144
1020.4,997.60406
1625.6,1662.1488
1664.4,1635.4711
1696.3,1676.3629
1828.9,1811.1873
2673.5,2717.7285
2797.6,2716.5195
2994.3,2973.6833
3360.5,3340.286
971.8,975.3074
1091.5,1080.6321
1175.8,1191.2172
1274.3,1271.8544
3046.8,3090.762
3019.9,3026.0994
3217.9,3232.1106
3439.4,3385.7136
817.6,826.3435
846.7,848.19775
920.0,915.8148
919.1,901.0797
2183.8,2227.9563
2456.3,2437.626
2706.7,2690.2087
2922.7,2832.9875
6125.7,6138.5957
6712.9,6709.1934
7746.475,7768.0967
7746.475,7746.3887
325.0,338.19147
361.3,367.3646
386.3,386.34158
405.0,395.6652
2298.6,2262.7627
2806.5,2759.6143
3142.7,3208.4985
3595.0,3618.9927
793.0,801.20465
794.0,794.6349
780.8,804.7266
781.4,790.7061
1393.6,1380.528
1319.8,1321.2859
1456.7,1422.5482
1780.7,1787.7996
1585.3,1614.7861
1450.5,1441.0869
1515.7,1559.0756
1563.4,1511.796
2912.2,2913.0117
2976.1,2939.5625
3125.0,3120.4548
3492.0,3416.2275
706.4,721.01654
728.7,721.7289
580.4,620.9847
481.0,473.74722
7746.475,7747.026
7746.475,7748.544
7746.475,7732.6963
7746.475,7745.2666
1857.1,1867.025
1903.0,1856.6776
2064.4,2056.7878
1940.9,1938.5908
5560.7,5449.596
6836.3,7067.5996
7484.0,7437.1978
7746.475,7776.5034
440.7,434.4719
446.7,438.6572
452.2,443.8778
428.5,420.96533
5704.2,5762.1055
6400.0,6480.283
7156.5,7167.3965
7241.8,7375.0835
6217.1,6319.8623
7582.1,7400.364
7649.9,7738.55
7746.475,7745.9985
4240.4,4285.7344
4342.5,4364.4756
4149.9,4102.7446
4521.2,4660.243
374.6,366.81927
369.2,373.83463
405.5,402.58768
409.5,406.9727
1060.4,1031.8469
980.9,950.33826
978.4,962.0287
1122.8,1125.4768
4878.3,4848.3735
5167.2,5169.7285
5570.6,5571.9653
6855.6,7044.6914
1076.1,1055.9915
945.8,951.7308
1008.8,974.7812
975.9,995.8095
775.5,773.8563
730.3,726.9295
800.7,795.5645
769.7,794.5658
2081.6,2090.5532
1861.6,1873.3243
1988.8,2040.5587
1968.6,1942.8229
1655.6,1481.5447
1910.3,1812.3641
2017.8,1995.345
2146.8,2158.77
605.9,599.62103
511.0,498.5248
493.1,491.64972
506.5,507.6939
1470.0,1404.9119
1359.2,1358.028
1285.5,1288.9883
1384.6,1414.5187
1719.5,1736.3562
1905.5,1849.1135
2034.1,2040.2631
2359.5,2375.4963
805.5,810.957
813.2,817.14404
902.9,902.8069
953.5,948.25604
552.0,545.5124
618.4,606.61945
571.2,560.51434
538.9,543.99274
7746.475,7748.938
7746.475,7747.7744
7746.475,7747.1807
7746.475,7741.5317
1356.2,1326.1387
1363.9,1358.009
1419.5,1415.1648
1486.7,1431.8004
328.7,328.07898
333.9,342.183
283.8,279.21063
271.6,268.37015
7746.475,7746.812
7746.475,7748.23
7746.475,7747.2314
7746.475,7748.741
2872.1,2992.3845
2745.6,2805.8933
2516.7,2600.9888
2441.1,2447.1138
2358.7,2305.539
2685.5,2720.7363
3078.0,3115.0706
2844.3,2878.4248
7746.475,7748.096
7746.475,7748.731
7746.475,7747.6865
7746.475,7749.6704
1052.1,1019.8929
1097.6,1085.8181
1162.6,1182.095
1296.9,1340.6808
7295.3,7265.786
7746.475,7757.0303
7746.475,7750.0796
7746.475,7740.6226
753.7,744.0009
799.6,786.27704
807.8,800.65405
874.4,879.7302
2712.5,2760.0242
2628.3,2660.311
3064.8,3104.4426
3361.5,3301.1108
569.5,569.2024
618.0,638.5106
676.5,660.81116
593.9,595.6101
697.9,688.7159
641.2,648.3984
692.3,702.8683
797.5,786.0482
1813.2,1800.4413
1795.2,1807.0779
1819.6,1808.8209
1753.1,1713.6477
3365.8,3417.174
3618.1,3644.7253
3694.7,3687.6677
3325.9,3369.353
1184.4,1127.5269
1166.3,1177.808
1093.0,1089.5077
1179.3,1185.6901
1617.2,1604.9792
1826.6,1818.6238
1797.7,1751.0989
1764.3,1759.1919
2133.4,2124.5203
2116.9,2148.1445
2061.3,2027.4688
2102.7,2093.959
1069.9,1061.3833
861.9,840.4976
716.4,685.0483
668.7,666.7556
7746.475,7748.3345
7746.475,7755.539
7746.475,7748.517
7746.475,7755.9023
6683.6,6748.309
7605.0,7514.085
7746.475,7744.4507
7746.475,7747.7744
1304.3,1313.7788
1161.7,1171.3453
1384.8,1433.645
1332.8,1379.487
7746.475,7739.716
7746.475,7747.7217
7746.475,7745.872
7746.475,7746.613
2524.6,2502.8872
2452.6,2506.9045
2700.9,2694.9607
2711.8,2689.0059
3159.9,3116.909
3477.7,3507.9207
4259.9,4235.5723
4719.9,4618.399
2356.2,2360.2979
2461.4,2440.4512
2831.9,2868.924
2858.9,2853.2275
6186.9,6243.8257
6022.5,5945.5435
6765.1,6783.407
6459.0,6454.6577
407.2,415.90237
398.5,408.61258
395.0,390.27728
390.5,388.25977
682.5,693.58716
699.3,694.1594
653.3,659.47705
649.9,659.3622
786.7,794.4035
802.6,802.32806
739.4,746.02057
765.6,772.9386
772.4,744.57275
695.6,688.1902
638.3,650.5603
685.6,687.3849
7746.475,7747.388
7746.475,7747.0376
7746.475,7747.7744
7746.475,7747.389
3675.7,3667.6736
3840.4,3821.725
3836.2,3876.2803
3696.6,3731.825
683.6,694.7011
614.2,620.13776
682.3,669.4215
637.8,655.02765
7746.475,7739.321
7746.475,7741.993
7746.475,7747.2324
7746.475,7745.033
6038.3,5983.0405
7225.4,7127.5327
7746.475,7755.7593
7746.475,7745.923
3228.8,3231.686
3605.9,3654.2354
4412.0,4324.27
4923.2,4850.3726
1928.9,1823.0616
2007.8,2050.2927
2185.6,2226.9912
2321.6,2338.9658
2906.2,2881.033
3197.7,3207.4048
3536.4,3493.4697
3721.2,3733.6138
3666.3,3679.1042
3790.2,3778.031
3837.9,3834.5508
3693.2,3686.1377
2190.2,2216.5164
2094.2,2026.5275
2283.0,2186.672
2420.6,2479.595
3778.3,3833.8828
4701.7,4577.7915
4900.6,4957.4985
5512.2,5516.5425
820.8,839.1746
782.5,784.03644
734.9,734.92755
669.4,660.1459
2343.3,2295.553
2302.4,2207.6091
2342.2,2322.795
2343.4,2337.3647
7746.475,7744.3784
7746.475,7746.4907
7746.475,7746.7944
7746.475,7746.6
1395.7,1387.9232
1232.8,1234.4734
1382.0,1374.5474
1523.1,1511.5793
381.1,386.23007
392.8,379.4577
432.5,423.24023
417.1,422.62595
1079.2,1077.4127
1000.3,1041.4542
1135.9,1124.9083
1357.3,1323.0023
7746.475,7749.258
7746.475,7746.6396
7746.475,7745.5073
7746.475,7740.955
7746.475,7742.9253
7746.475,7743.753
7746.475,7747.148
7746.475,7747.3926
348.5,334.03897
355.4,360.37622
371.8,377.36328
352.5,344.00998
2545.1,2620.9465
2655.3,2608.7954
2525.7,2519.2192
2451.7,2477.5845
4512.7,4524.4443
4870.9,4956.2275
5786.8,5783.9106
6490.4,6497.78
7746.475,7751.373
7746.475,7740.634
7746.475,7744.17
7746.475,7747.111
2749.6,2717.5603
2975.4,2926.1946
3098.5,3104.9976
3562.5,3523.0232
862.7,876.10864
834.7,832.1286
803.6,779.07635
787.9,806.0546
7746.475,7743.545
7746.475,7746.4673
7746.475,7750.6377
7746.475,7750.488
6794.6,6743.496
6816.2,6685.1123
6620.7,6526.9033
5279.7,5240.539
7746.475,7745.403
7746.475,7747.6904
7746.475,7743.7397
7746.475,7747.802
5174.2,5246.6978
5956.6,6032.219
6717.0,6606.138
7000.5,6890.676
816.8,817.8214
773.6,774.446
753.3,749.7568
703.4,711.67706
990.3,1024.2537
966.1,1007.9215
1033.7,1056.9803
1015.1,1010.3109
7746.475,7746.907
7746.475,7747.1807
7746.475,7747.7744
7746.475,7747.1963
5300.4,5241.8403
5622.5,5627.8384
5958.7,5981.976
6299.4,6259.966
1962.1,1913.57
1939.0,2011.4552
1622.5,1698.9576
1520.2,1547.239
2993.9,2919.9736
2908.2,2958.5198
3095.4,3069.5889
2727.1,2748.0112
415.1,416.27008
380.5,383.60574
360.1,354.87286
335.2,344.84268
3064.1,3093.806
2693.8,2698.1196
2634.0,2643.3687
2484.9,2530.4858
4224.6,4177.861
4945.8,4924.534
5644.9,5668.5386
6181.2,6255.865
1717.7,1752.0133
1855.9,1790.8156
1839.9,1757.1678
2071.6,2040.6057
7746.475,7748.1187
7746.475,7747.389
7746.475,7749.412
7746.475,7748.1187
1427.6,1391.2181
1441.1,1407.1887
1409.7,1422.4386
1345.2,1329.0527
2680.8,2633.3552
2924.1,2889.2312
3449.5,3442.0146
3721.9,3726.0596
1713.7,1685.8846
1654.8,1692.8019
1600.0,1698.2427
1570.5,1574.0771
1323.1,1310.3898
1403.2,1435.3899
1274.0,1243.2954
1422.8,1398.4115
704.7,690.5885
782.3,783.475
841.7,825.2912
857.4,867.84686
6748.0,6663.912
6634.5,6538.861
7247.9,7318.9834
7391.5,7601.9585
3623.7,3702.8115
3917.8,3820.1804
4650.3,4705.392
4837.3,4898.982
1385.3,1361.4465
1529.4,1519.4794
1480.5,1511.1536
1489.9,1534.0012
700.4,707.9233
723.3,705.5327
648.8,660.5617
648.9,660.7282
2154.4,2132.621
2441.3,2454.5627
2794.1,2797.871
2817.8,2834.278
962.7,955.8555
922.4,926.6518
819.8,798.4776
827.4,850.8628
1084.6,1054.3839
986.2,1014.1847
1064.7,1058.9072
1016.1,992.0847
4427.3,4420.5674
4688.1,4812.5547
4964.6,4915.9883
5197.5,5196.7256
1359.9,1444.7919
1443.0,1459.0852
1459.0,1487.1816
1529.3,1533.21
5373.7,5441.564
6108.3,6118.669
7547.5,7438.5205
7425.1,7700.706
1085.1,1106.5906
1125.2,1122.316
1151.7,1154.3903
1164.2,1193.6913
7746.475,7747.6104
7746.475,7747.0376
7746.475,7746.907
7746.475,7747.1807
7746.475,7746.727
7746.475,7748.741
7746.475,7748.0996
7746.475,7747.0376
7746.475,7747.606
7746.475,7745.5576
7746.475,7742.324
7746.475,7745.65
357.3,354.43423
381.1,378.88138
346.8,335.35815
329.2,316.9453
1712.0,1691.7836
1768.8,1734.3676
1716.2,1688.8499
1559.1,1513.8057
4775.1,4837.0776
4861.3,4851.1187
4952.3,4961.579
5860.2,5678.414
2019.5,2084.6968
2121.9,2097.5942
2533.5,2311.5354
2554.2,2415.2188
3422.5,3380.5708
3558.7,3597.71
3581.8,3567.3696
3822.5,3804.7358
597.1,595.9775
681.7,682.30096
750.5,736.8218
741.5,747.2194
2755.0,2730.2305
2772.3,2747.301
2902.0,2983.9028
3331.7,3395.8862
5224.6,5188.577
5323.6,5327.617
5539.4,5460.0015
5288.1,5261.788
4488.7,4484.0767
4681.1,4687.0957
5447.8,5394.1304
6635.9,6631.823
7746.475,7744.267
7746.475,7747.2505
7746.475,7744.936
7746.475,7747.6104
431.5,426.15042
345.1,358.42728
278.6,273.8
238.8,224.72414
2367.8,2381.2866
2582.1,2579.9214
2489.5,2488.2532
2271.1,2336.0928
1410.6,1388.2161
1687.8,1676.1886
1946.4,1966.4816
2262.7,2254.7656
788.2,780.5655
810.9,798.1141
646.0,657.3486
729.1,721.6862
6800.4,6859.8184
6186.3,6079.1226
6289.9,6194.008
6861.1,6830.159
2735.4,3407.67
2412.9,2464.04
2378.3,2488.0884
2226.6,2330.8967
954.7,947.99225
949.8,914.96405
999.4,956.7009
937.4,920.9573
2134.9,2121.6543
2110.6,2084.7764
2201.6,2241.803
2418.7,2408.3413
842.7,860.15344
1008.6,1035.3088
1087.5,1127.486
1186.3,1235.4448
2148.2,2176.0168
2378.9,2365.876
2560.9,2559.582
2782.3,2766.1204
2494.3,2454.61
2646.9,2634.4216
2758.2,2690.363
2617.7,2708.548
7746.475,7744.552
7746.475,7747.922
7746.475,7744.552
7746.475,7748.1304
6398.2,6700.998
6950.2,6903.3726
7746.475,7687.328
7746.475,7737.599
1551.7,1598.9187
1566.5,1543.508
1888.3,1886.4727
2143.1,2161.6814
7746.475,7747.2354
7746.475,7747.5083
7746.475,7747.4365
7746.475,7748.1187
704.3,696.13306
702.9,708.15234
667.5,670.9911
556.7,544.1174
3580.9,3574.4204
3190.0,3122.1814
2834.1,2836.3313
2644.6,2635.1277
1621.4,1598.9535
1634.5,1695.2355
1674.9,1667.0773
1996.2,2002.0148
5918.6,5865.972
6951.8,6952.7446
7746.475,7711.9614
7746.475,7746.6685
2690.6,2780.1025
2788.0,2805.8906
3403.4,3420.679
3916.2,4096.753
3698.2,3715.52
3723.5,3658.7317
3704.4,3755.2573
3483.4,3566.344
406.1,405.64062
407.0,411.4719
427.0,427.75995
396.1,403.85196
516.2,519.68317
538.0,548.2669
572.4,578.1838
538.8,538.43896
1458.6,1424.6703
1534.9,1505.4764
1546.6,1550.9977
1657.9,1643.6602
7746.475,7747.297
7746.475,7747.4365
7746.475,7747.389
7746.475,7747.7744
3356.3,3350.803
3193.2,3245.0134
3069.2,3096.3372
3396.4,3404.7136
6352.0,6340.8384
7509.2,7543.276
7746.475,7752.02
7746.475,7743.5527
7746.475,7747.1807
7746.475,7747.7744
7746.475,7747.0376
7746.475,7747.0376
2684.9,2532.9634
3022.7,3039.2083
3179.3,3218.348
3700.7,3706.3137
342.0,351.3651
382.0,382.2373
358.2,359.90045
361.2,367.6467
2330.1,2373.1938
2303.2,2308.1545
2297.5,2329.0813
2136.9,2072.2756
2920.7,2926.9937
3018.4,3022.7148
3038.4,3081.0574
3075.0,3059.1543
348.1,342.6244
430.5,451.04517
552.1,544.15814
568.0,560.61755
917.2,949.7259
868.2,840.5807
818.6,822.06244
823.4,813.6884
2532.7,2539.7583
2641.5,2629.4663
2548.2,2564.2568
2997.5,2987.6565
2502.9,2480.8425
2571.1,2604.693
2845.1,2869.344
2800.7,2822.1655
1286.6,1272.7983
1235.8,1274.0648
1349.3,1339.6688
1338.1,1369.5623
2924.9,2910.7056
2482.6,2477.0725
2285.2,2317.576
2179.4,2184.57
5446.1,5447.3936
5495.1,5516.208
5428.1,5427.4717
5007.2,4908.687
7746.475,7747.496
7746.475,7746.6284
7746.475,7746.4336
7746.475,7753.1533
4656.5,4652.3755
4636.5,4640.533
5035.5,5073.3345
4585.4,4619.567
1861.4,1877.4547
2085.1,2137.4873
2370.1,2396.8545
2326.8,2316.6506
1027.6,1029.8129
1041.6,1035.167
1029.8,994.03656
1094.7,1123.6392
5229.1,5172.8784
5931.4,5949.26
6125.5,6050.8413
6717.6,6758.2935
787.5,791.65204
748.0,749.0588
707.0,727.1241
678.3,675.27136
7746.475,7745.716
7746.475,7742.271
7746.475,7747.389
7746.475,7747.1807
765.8,762.22144
847.8,829.89087
1051.6,1072.5806
1189.8,1136.0167
476.2,464.71536
555.8,586.8607
602.9,586.7547
681.0,631.8762
7662.9,7694.2554
7746.475,7746.9004
7746.475,7749.621
7746.475,7746.2915
745.1,745.5269
840.4,848.1311
1040.2,1035.8042
1054.4,1040.025
2208.7,2225.627
2610.1,2620.1353
2807.4,2821.1448
3007.8,2987.51
2375.5,2312.0981
2392.8,2399.2727
2509.0,2504.6252
2579.4,2545.471
1021.6,1094.4441
1094.4,1116.3809
1148.3,1125.8954
1331.4,1349.3368
1520.7,1491.9188
1925.6,1884.5974
1946.7,1959.5312
2089.6,2112.3428
853.2,849.3974
957.0,959.1952
1066.0,1094.2644
1183.7,1168.036
683.9,693.8024
659.5,654.9822
702.2,708.7588
692.9,699.1127
997.9,935.1039
1012.2,1011.65485
927.0,949.3797
929.9,922.0731
2069.2,1899.4718
2207.7,2207.004
2295.9,2345.1978
2360.5,2372.8755
1165.8,1180.8893
1139.9,1122.8698
1074.5,1084.4258
969.5,1030.2439
6899.5,7007.37
6895.5,6979.176
7245.7,7234.4756
7387.7,7346.155
7746.475,7743.941
7746.475,7744.436
7746.475,7740.1445
7746.475,7744.0596
2706.4,2703.4263
2915.9,2926.1438
2996.4,2957.4272
3027.3,3046.2632
1510.2,1573.3978
1556.6,1562.6777
1642.4,1592.7465
1692.8,1653.2349
7746.475,7748.08
7746.475,7744.679
7746.475,7740.5493
7746.475,7762.1133
1846.4,1804.1223
1952.8,1918.1621
2089.5,2066.2095
2346.0,2352.689
3594.7,3525.4517
3604.1,3585.036
3485.5,3438.648
3580.7,3538.0408
6081.4,6117.507
6460.9,6459.065
6838.6,6838.5464
7488.5,7493.621
2550.3,2573.229
2667.7,2618.4402
2961.6,2959.0798
3486.7,3461.6616
3128.1,3050.7957
3324.6,3272.8987
4160.0,3930.5688
3910.0,3908.9836
2838.6,2738.8596
2580.0,2631.2542
2808.4,2732.6045
2136.6,2380.464
2200.6,2160.041
2381.3,2384.7314
2593.5,2588.2976
3243.5,3343.0168
401.3,411.03708
408.8,411.273
378.3,380.61966
353.9,350.25903
2257.5,2196.3406
2502.8,2464.1858
3224.2,3129.329
3671.9,3625.703
4680.7,4673.721
5343.6,5303.1465
5186.0,5186.813
6688.3,6742.7485
1096.1,1064.1873
1181.5,1171.921
1140.8,1138.84
1232.1,1206.4307
4747.9,4721.3975
4816.3,4839.4966
5393.0,5323.1953
5487.6,5451.7686
1520.8,1534.129
1556.3,1595.2113
1455.4,1370.0992
1658.9,1681.1183
7746.475,7748.0693
7746.475,7746.812
7746.475,7743.112
7746.475,7746.7866
7746.475,7747.389
7746.475,7745.858
7746.475,7749.301
7746.475,7746.6914
7746.475,7747.1963
7746.475,7745.8823
7746.475,7747.4365
7746.475,7747.8
1249.2,1278.5492
1218.3,1207.0825
1308.4,1327.6948
1217.1,1307.0803
1788.2,1610.9725
1934.4,1872.5234
2129.5,2236.9873
2475.3,2555.783
993.9,1004.03186
1142.4,1154.6196
1282.1,1284.9264
1357.5,1347.0292
837.9,860.6693
875.3,879.9512
1028.3,1009.9953
1076.9,1056.7227
1828.9,1759.3888
1890.9,1793.0586
2068.9,2114.68
1981.9,2012.3591
7746.475,7747.265
7746.475,7747.4473
7746.475,7748.806
7746.475,7737.1694
2021.7,2146.3723
2375.4,2397.0674
2350.1,2325.8555
2247.5,2162.2244
3790.9,3667.3325
4092.1,3955.987
4331.3,4341.0176
4953.8,4883.1187
670.5,662.63336
707.4,713.8164
816.7,810.1585
810.8,819.64777
2779.4,2780.3567
2853.5,2866.3245
2901.7,2979.549
3310.2,3323.9688
7746.475,7744.3755
7746.475,7747.8613
7746.475,7747.8613
7746.475,7746.8813
2324.1,2326.237
2010.4,1985.1986
2118.9,2121.7788
1745.6,1759.7599
1413.0,1429.8444
1623.8,1710.5685
1753.7,1840.3755
1697.0,1753.7551
7746.475,7729.414
7746.475,7746.2715
7746.475,7749.5728
7746.475,7737.7163
826.8,809.41547
916.5,904.11816
925.2,922.3271
997.1,1014.3279
652.5,653.69336
625.0,634.85297
649.7,664.308
574.3,582.5062
646.6,656.47766
638.2,649.6035
684.2,693.47205
687.4,684.56006
6403.0,6381.184
6231.6,6191.976
6283.2,6216.0527
6124.6,6153.0684
1096.1,1223.7461
1074.0,1059.0938
1275.5,1288.004
1216.0,1252.6967
1642.9,1602.1072
1902.0,1845.5635
1935.3,1971.2589
2067.9,2045.921
1107.8,1089.8505
1132.1,1126.4932
1046.5,1041.7987
1034.0,1017.3397
1789.8,1767.7308
1909.4,1891.6771
2017.1,2094.3643
1983.6,2007.1725
7746.475,7746.2163
7746.475,7747.441
7746.475,7750.4634
7746.475,7747.553
2777.9,2736.6125
2898.0,2870.4023
3192.1,3205.858
3344.3,3367.2122
1684.8,1639.1565
1710.1,1658.7732
1639.3,1665.8077
1551.2,1515.4403
2776.3,2745.4365
3235.8,3201.6267
3413.3,3341.1775
3460.4,3455.2402
647.6,654.1979
569.6,573.71484
553.0,552.7491
617.0,613.5861
2135.9,2151.503
2133.2,2162.1821
2106.5,2062.572
2385.0,2397.3472
1235.8,1262.6815
1219.1,1224.172
1177.8,1219.8489
1049.1,1008.60034
1097.5,1116.6156
1101.9,1087.3011
1379.4,1364.4872
1428.2,1426.5514
1135.8,1128.8185
1198.2,1200.5205
1283.2,1259.7236
1358.9,1384.1942
2436.1,2468.7454
2712.2,2753.4937
2875.2,2836.5154
2784.7,2794.2449
1162.4,1151.374
1180.2,1192.0146
1141.0,1124.9958
1248.2,1268.5546
7746.475,7748.4746
7746.475,7746.4175
7746.475,7749.9473
7746.475,7748.2573
790.1,800.7341
956.1,978.5692
1212.0,1183.7278
1267.1,1272.235
2286.3,2282.8052
2301.1,2304.0232
2333.7,2301.1614
2495.0,2468.2622
656.5,676.416
746.0,745.617
793.5,785.92316
789.9,791.75793
311.1,308.7859
337.6,344.94165
318.4,312.9798
398.0,419.15567
5124.1,5128.6904
5856.2,5730.331
6773.1,6827.601
7727.0,7693.682
4423.4,4530.2715
4924.1,4868.9683
5287.6,5316.3306
6532.5,6683.915
272.3,267.76367
268.2,260.70895
272.0,269.25812
251.9,243.06902
7746.475,7749.6704
7746.475,7747.293
7746.475,7750.805
7746.475,7748.6387
829.2,830.96185
858.5,850.86176
908.7,929.46
1012.3,1003.90076
346.3,361.5106
339.6,335.57455
368.4,365.61865
367.8,369.00378
7746.475,7749.1016
7746.475,7747.165
7746.475,7719.857
7746.475,7745.735
1247.9,1262.9083
1319.0,1338.6116
1356.6,1346.5325
1478.6,1436.7511
2629.4,2663.2644
2958.3,3041.3901
3373.7,3371.0374
3630.3,3583.326
7241.1,7107.26
7746.475,7709.865
7746.475,7747.8
7746.475,7745.904
2051.3,2111.8093
2364.4,2256.293
2335.4,2324.955
2058.8,2118.8616
1955.4,2059.9043
2014.4,2023.1538
2007.9,2005.1931
1992.8,1972.6099
7746.475,7751.512
7746.475,7748.365
7746.475,7746.9233
7746.475,7749.6367
349.7,355.5207
297.3,295.02283
278.6,281.97372
252.9,258.1016
3041.4,2986.2896
3111.2,3134.5503
3129.9,3148.3298
3351.7,3363.5876
353.6,353.15805
335.2,344.7195
340.4,334.33582
345.2,338.08463
1692.7,1711.3608
2004.8,2096.0723
2517.4,2451.976
2704.7,2706.1526
1956.6,2024.0461
2223.6,2219.507
2358.6,2302.959
2636.6,2650.0269
7441.0,7486.1055
7746.475,7783.4985
7746.475,7746.479
7746.475,7747.884
258.4,263.36838
257.2,262.6801
252.0,250.9813
298.0,281.10916
1386.6,1395.0798
1510.0,1505.5673
1531.0,1527.9734
1642.3,1628.7408
2482.6,2518.7927
2686.6,2649.7898
2956.2,2979.3118
2616.6,2705.8665
712.9,690.50385
766.7,752.0297
807.0,805.44464
713.5,708.00415
257.2,256.36285
222.7,217.46793
227.0,215.21706
208.3,202.91982
912.9,827.27606
925.2,922.75336
957.9,968.727
961.2,963.01697
683.0,683.17285
785.3,779.4855
712.3,698.59753
684.7,680.5397
7746.475,7739.085
7746.475,7743.039
7746.475,7746.108
7746.475,7737.805
922.7,922.68555
961.7,941.96204
1066.8,1080.6383
1168.9,1152.9004
891.1,883.5506
1077.0,1079.5463
1129.2,1132.9005
1214.3,1206.0564
452.3,461.42346
443.8,442.3991
455.6,446.06903
498.1,477.78616
7746.475,7747.5303
7746.475,7748.3345
7746.475,7747.754
7746.475,7748.0166
1607.7,1634.0394
1362.1,1408.6959
1516.0,1533.3619
1742.5,1679.2458
7746.475,7747.389
7746.475,7747.1807
7746.475,7746.907
7746.475,7747.388
447.0,443.112
378.4,355.62338
402.1,400.1647
359.4,370.39053
917.6,905.2523
1062.0,1085.3728
1026.2,1002.6346
1024.1,1014.8515
969.5,949.40265
1102.9,1105.8617
1216.7,1200.9716
1222.7,1229.6237
4421.8,4411.6
4331.7,4383.4697
4982.0,4881.932
5483.8,5546.956
1803.4,1914.9967
1887.2,1893.9331
2007.2,1999.9539
1932.6,1919.6968
2660.6,2713.4448
3202.9,3205.761
3215.0,3165.7036
3035.3,2895.3364
693.8,686.89813
818.5,848.9943
932.1,967.24896
1082.2,1078.4902
7746.475,7747.1807
7746.475,7747.2354
7746.475,7747.542
7746.475,7747.0376
7746.475,7738.99
7746.475,7747.7744
7746.475,7746.91
7746.475,7743.262
6166.9,6081.3223
6804.9,6780.09
6379.5,6368.324
6202.3,6131.087
814.4,773.98987
699.7,648.9652
462.4,560.82947
367.0,348.1331
1466.0,1444.0326
1324.3,1304.5143
1127.1,1082.5515
951.3,930.5508
5650.8,5697.5474
6425.1,6395.9175
7428.9,7488.8477
7746.475,7768.204
1719.8,1728.0867
1731.3,1751.225
1728.4,1698.9431
1886.3,1842.5444
1006.8,1014.311
1017.2,1050.3324
1093.2,1051.3516
1010.2,983.63806
1832.7,1840.4575
1868.2,1768.0316
1795.7,1862.107
1774.5,1758.4327
944.9,940.74774
922.6,925.95575
926.1,901.9754
861.5,862.8635
3505.4,3471.1638
3535.6,3554.3022
3376.7,3365.2754
3308.7,3292.4604
1500.1,1475.9126
1590.9,1598.697
1902.9,1920.8351
2035.9,2041.3971
2684.0,2714.5764
2482.3,2453.6877
2359.3,2382.3982
2171.5,2193.207
2746.4,2749.8152
2582.9,2659.4016
2857.3,2886.5046
3052.8,3036.468
7744.8,7628.807
7746.475,7746.4375
7746.475,7740.922
7746.475,7744.309
4593.6,4539.3096
5002.9,4985.2363
4462.5,4551.2437
4629.6,4654.932
4209.7,4168.83
4414.7,4492.0273
4523.7,4523.317
4629.8,4672.9995
4499.4,4630.8745
5461.8,5482.7065
6132.7,6162.743
7364.4,7351.966
2657.0,2726.1018
3394.4,3312.083
3400.8,3348.0217
3898.4,3973.1099
412.3,409.87958
400.2,396.79865
414.5,406.0443
466.3,472.6337
2856.1,2882.6553
3011.7,2953.0508
3031.4,3033.3447
3530.9,3575.491
7746.475,7732.9624
7746.475,7745.04
7746.475,7748.1187
7746.475,7738.4023
1770.4,1684.5862
1831.3,1758.6593
1697.8,1646.202
1772.0,1792.4462
2243.5,2210.555
2419.1,2395.494
2531.3,2554.7812
2584.5,2527.5173
1488.0,1449.4972
1591.9,1583.6365
1738.4,1741.5209
1799.4,1760.67
1355.1,1363.6334
1207.1,1192.6251
1168.1,1203.5361
1116.4,1143.4202
7746.475,7745.2925
7746.475,7746.6914
7746.475,7748.1187
7746.475,7733.25
557.7,553.05865
549.2,545.7877
557.5,554.3179
554.7,544.2457
2880.6,2832.596
2980.6,2923.3762
3022.7,3026.8496
3435.3,3437.059
2031.9,2039.8907
2152.8,2144.543
2504.4,2562.6755
2697.3,2680.3594
3303.6,3333.726
2666.2,2886.6418
2486.3,2563.306
2385.7,2423.1675
1528.3,1678.2157
1756.1,1683.2935
1980.4,1935.118
1971.9,2023.1952
1274.6,1275.1698
1256.1,1260.1073
1188.3,1212.6841
881.1,889.8374
3404.6,3350.7075
3704.3,3661.7417
3797.2,3891.5784
3575.9,3551.2432
449.7,440.5267
437.2,434.5656
471.4,470.44208
449.2,456.54514
1728.1,1739.9027
1670.7,1640.4896
1936.4,1847.8564
1828.3,1877.8125
989.5,1016.7836
1082.6,1107.9868
1217.0,1206.0026
1491.3,1454.204
2548.4,2479.367
2809.4,2808.9077
3038.4,3439.9922
3320.8,3318.5923
6264.8,6207.657
7543.6,7784.0327
7746.475,7745.029
7746.475,7737.6353
3200.2,3145.387
3387.4,3402.067
3960.4,4029.5571
4532.4,4532.476
5436.6,5433.4688
6845.7,6846.7163
7740.6,7710.192
7746.475,7745.7607
4038.0,4100.8022
4293.3,4238.6255
4897.8,4871.6665
5001.4,4989.3486
7746.475,7745.8823
7746.475,7746.907
7746.475,7747.5083
7746.475,7747.4365
793.7,790.1942
796.3,786.559
878.7,871.81354
988.1,1006.0386
3451.2,3476.828
3776.3,3764.301
4132.8,4104.747
4663.1,4636.91
7746.475,7747.388
7746.475,7747.34
7746.475,7749.659
7746.475,7746.91
3871.6,3984.9756
3982.3,3956.2527
3774.9,3809.397
3808.6,3782.5525
2419.9,2430.3154
2617.0,2668.4077
2702.4,2760.0566
2649.3,2682.956
1541.5,1549.9005
1699.2,1728.8099
1951.0,1967.1122
2138.3,2178.1548
1664.8,1657.0397
1880.6,1812.409
1931.7,1907.7561
1880.2,1869.5251
5588.4,5568.5166
6870.7,7160.8267
7314.8,7274.669
7746.475,7647.3784
2460.4,2459.339
1678.7,2017.6503
1552.8,1597.0898
1557.2,1533.5654
3356.2,3344.7466
3567.1,3592.1775
3621.7,3616.1904
3953.5,3874.5684
7746.475,7747.1475
7746.475,7748.0996
7746.475,7747.4365
7746.475,7747.8
1404.7,1391.0632
1405.5,1423.5621
1401.2,1391.3219
1704.7,1678.983
1226.4,1176.469
1118.6,1091.9927
1267.3,1284.235
1219.5,1168.0903
266.5,271.82025
257.6,261.91254
239.6,251.6875
209.8,213.39157
5188.9,5105.2686
5535.4,5495.175
6033.8,5966.8984
6755.8,6759.081
691.9,678.58215
700.2,704.56134
757.6,758.16064
706.0,732.94916
7746.475,7744.7593
7746.475,7747.572
7746.475,7745.7207
7746.475,7741.9727
969.5,953.5815
877.3,903.11
781.4,759.2798
752.9,754.556
831.3,816.6523
943.6,959.3273
923.6,922.638
972.5,987.36755
7746.475,7748.478
7746.475,7746.3667
7746.475,7745.2925
7746.475,7745.1543
3499.2,3488.2424
4612.3,4639.5312
4665.0,4568.0015
5758.4,5911.27
7746.475,7747.8
7746.475,7747.5083
7746.475,7748.1187
7746.475,7747.669
7746.475,7742.8223
7746.475,7695.0474
7746.475,7748.177
7746.475,7742.359
6181.3,6275.6885
6284.8,6204.1724
5647.7,5889.244
6094.2,6045.9556
6071.9,5925.599
7160.3,7124.2104
7386.0,7463.596
7669.6,7655.477
7746.475,7747.389
7746.475,7750.788
7746.475,7747.5083
7746.475,7747.389
583.1,591.7565
717.5,734.26447
641.6,637.32074
575.7,586.9385
3823.8,3838.0134
4069.4,4070.194
4696.0,4743.84
4774.7,4850.7974
5862.6,5779.346
6387.7,6424.541
7213.5,7325.55
7746.475,7625.848
988.0,990.3697
1011.1,1029.2502
1109.9,1121.8761
1136.3,1129.1412
1396.4,1338.9136
1529.8,1489.958
1643.8,1627.5748
1738.0,1772.9468
6866.8,6893.1
7526.2,7532.0605
7746.475,7749.8037
7746.475,7744.519
965.4,955.28394
877.1,869.83044
948.1,941.79736
1065.2,1072.1796
1023.5,1024.3767
975.7,997.5884
982.2,995.8353
977.3,998.229
2292.9,2372.5898
2697.0,2744.129
3252.7,3254.4363
3556.8,3448.8862
367.5,347.10385
350.9,340.7694
342.9,354.51157
368.1,354.40384
1570.1,1592.804
1596.2,1566.8704
1734.2,1774.1842
1726.2,1745.273
867.6,853.2894
965.7,990.564
1013.8,1032.4358
1161.1,1177.1118
2105.1,2076.093
2094.9,2098.212
2254.0,2260.4087
2518.7,2494.7275
5672.7,5558.812
6004.3,5938.689
5478.2,5495.411
5455.1,5442.822
7407.2,7317.4253
7746.475,7743.9497
7746.475,7755.974
7746.475,7739.64
682.2,677.89
707.7,717.73914
808.3,814.9762
823.6,828.237
4742.1,4656.7993
4360.4,4303.423
4093.7,4074.2043
4072.9,4083.19
1850.1,1854.7166
1866.0,1834.0383
2140.4,2201.6504
2555.2,2553.0652
743.0,721.67847
721.8,729.2306
706.7,715.49713
740.8,749.25024
785.7,801.2434
838.1,830.27637
1094.9,1082.2261
1157.2,1169.5723
1962.8,1965.0663
2205.8,2174.8225
2185.3,2220.1558
2232.6,2173.6465
344.9,351.4795
331.7,325.48236
356.5,367.01923
412.1,409.5481
1634.1,1688.8801
1769.5,1813.0845
1623.6,1604.4688
1595.4,1631.0123
768.4,771.4089
811.2,804.5969
891.0,915.7934
870.1,884.5343
1080.3,1060.0773
1131.3,1122.6011
1106.3,1094.3789
1138.3,1122.8007
820.5,823.1716
973.1,983.51984
1058.4,1051.0463
1192.4,1184.2821
7104.8,7250.4204
7506.2,7474.9673
7746.475,7741.3545
7746.475,7745.7573
1744.5,1724.8914
2059.7,2058.2266
2528.9,2495.4712
2788.2,2775.0186
7746.475,7744.8374
7746.475,7747.182
7746.475,7748.994
7746.475,7742.6836
957.5,964.6028
979.4,988.2008
1106.9,1037.166
1163.4,1166.8861
1964.6,1973.0663
1896.3,1911.1454
1814.8,1849.7512
1619.5,1638.2601
7746.475,7744.9043
7746.475,7737.3413
7746.475,7760.5425
7746.475,7745.1543
1523.1,1519.7177
1395.0,1346.7969
1574.7,1556.0521
1680.7,1670.6971
7746.475,7742.6553
7746.475,7742.0864
7746.475,7731.503
7746.475,7746.984
7746.475,7749.301
7746.475,7747.389
7746.475,7747.389
7746.475,7747.1475
7401.2,7495.963
6555.7,6573.329
6034.1,6029.5576
5405.8,5542.211
264.6,271.5061
304.8,303.00827
306.0,295.91183
332.1,323.05112
7746.475,7734.633
7746.475,7743.1943
7746.475,7739.93
7746.475,7750.47
2940.8,2964.336
2997.2,2938.652
2803.2,2791.1943
2996.5,2984.3162
7746.475,7744.9043
7746.475,7746.364
7746.475,7745.3765
7746.475,7745.3765
5479.2,5495.046
5626.5,5598.704
5807.1,5745.9253
6030.1,5997.0034
58.4,106.505264
51.9,104.63892
42.5,102.48384
35.9,93.77914
1787.5,1779.9155
1496.5,1539.0632
1473.8,1505.5392
1441.7,1516.2599
3698.8,3684.6477
4140.6,4092.4272
4183.3,4250.907
4569.2,4667.5225
1848.1,1807.2389
1727.4,1707.7544
1731.4,1703.3821
1873.1,1868.5262
481.6,466.28357
505.0,523.00287
486.9,486.59607
492.6,498.80936
2556.7,2552.023
2888.8,2835.4827
3004.1,3034.021
3433.2,3451.476
6788.4,6756.0703
7130.5,6996.84
7746.475,7766.006
7746.475,7744.4966
2515.3,2579.7888
2871.2,2824.1104
3208.3,3272.1272
3396.3,3414.6711
2011.7,2046.2194
1878.2,1915.8411
1891.5,1922.8428
1973.9,2024.0425
7746.475,7743.767
7746.475,7731.7656
7746.475,7743.0864
7746.475,7746.4673
7746.475,7745.5854
7746.475,7746.1885
7746.475,7741.1616
7746.475,7751.0635
6950.0,7000.7544
7746.475,7595.2227
7746.475,7743.004
7642.8,7746.0522
7746.475,7748.3706
7746.475,7747.937
7746.475,7748.73
7746.475,7744.826
7714.4,7636.132
7584.1,7706.5605
7746.475,7726.189
7614.6,7706.1367
1491.6,1467.4054
1547.6,1505.1155
1565.3,1540.8945
1665.2,1643.893
3977.8,3956.6238
4605.4,4684.0503
5871.3,5792.6675
6691.6,6691.3223
535.3,535.7819
572.8,587.9029
539.7,541.3024
431.5,441.6665
7746.475,7747.779
7746.475,7748.509
7746.475,7751.2583
7746.475,7746.78
7746.475,7749.1445
7746.475,7746.5283
7746.475,7747.2295
7746.475,7748.924
7746.475,7743.301
7746.475,7743.1855
7746.475,7750.696
7746.475,7746.728
2364.2,2369.4058
2327.2,2304.1492
2320.5,2322.8323
2465.1,2496.1777
1234.7,1222.9193
1201.6,1182.2052
1231.9,1279.0475
1203.1,1211.5195
2818.2,2770.839
2736.4,2774.884
2601.0,2554.9368
2790.4,2843.7483
834.9,845.0273
748.4,733.40027
720.5,731.0209
660.8,668.18677
3665.9,3666.0984
4107.1,4117.0244
3913.2,3876.7698
4226.4,4360.673
3600.5,3569.8276
3947.1,3979.5696
4782.3,4957.2153
4851.3,4839.853
941.5,925.2755
1077.7,1083.5004
1112.6,1139.4115
1150.2,1162.7076
4059.4,3978.5366
4577.3,4536.93
4903.0,4892.1245
4976.8,4932.7144
2438.0,2471.537
2640.6,2676.968
2707.2,2696.9253
3100.3,3101.2505
7746.475,7713.4707
7746.475,7746.373
7746.475,7747.0996
7746.475,7739.8076
1112.4,1112.1205
1165.3,1149.7235
1412.2,1433.2863
1616.0,1599.6948
1456.1,1472.531
1544.5,1548.6544
1657.2,1610.1628
1801.3,1839.8524
7746.475,7745.573
7746.475,7752.6807
7746.475,7747.1807
7746.475,7747.6104
450.7,442.06125
376.7,373.20987
351.2,351.44095
350.0,358.92792
7626.1,7613.753
7746.475,7744.5874
7746.475,7726.308
7746.475,7805.9395
2306.6,2286.0884
2406.7,2411.8987
2767.7,2749.9814
3467.4,3347.7808
1428.2,1380.8458
1551.0,1539.5057
1759.8,1798.5219
1822.3,1821.6823
3469.6,3465.0857
3528.3,3541.586
3952.4,3982.5981
4073.9,4086.4397
6071.5,6073.682
6313.2,6334.681
7168.2,7381.611
7746.475,7630.5933
1986.8,1859.2617
2164.6,2140.0483
2389.7,2400.5054
2820.5,2823.5837
704.2,709.99774
604.5,587.3464
653.0,661.0783
709.8,725.1506
4775.2,5092.627
5067.4,5079.47
5875.4,5776.8896
6571.9,6532.997
881.9,881.077
843.1,837.07965
814.5,804.59625
834.7,836.63104
3584.6,3526.1948
4001.8,4214.6533
3630.2,3667.1511
3939.9,3841.1687
2168.3,2188.0984
1988.6,1999.7285
2200.7,2218.46
2102.3,2056.3953
2953.1,2918.3684
2934.9,2963.4973
2809.5,2802.2942
2719.7,2767.644
768.9,772.5705
809.1,800.11444
840.2,839.0083
845.0,844.2501
7746.475,7747.002
7746.475,7746.5854
7746.475,7743.2925
7746.475,7746.537
173.2,174.60233
167.8,158.7451
157.7,137.8932
170.0,190.84695
3341.1,3206.75
3011.3,3103.8323
3017.7,3015.496
2702.9,2732.811
932.3,935.40295
786.2,780.0593
798.6,788.5959
835.0,831.1193
580.1,584.88873
656.7,667.3065
718.0,721.7253
709.7,694.55927
2473.9,2528.9927
2604.0,2577.5083
2925.2,2950.243
3301.0,3284.0396
7746.475,7740.6753
7746.475,7746.371
7746.475,7743.636
7746.475,7741.0923
1898.6,1887.5321
1881.6,1872.8824
1929.9,1933.0043
2038.2,2160.4094
611.5,612.04285
673.5,652.46484
679.5,686.7918
639.8,646.7431
7001.6,6841.085
7380.9,7301.942
7564.2,7531.7407
7746.475,7749.774
3675.8,3508.8616
3830.2,3816.771
3457.8,3551.552
3731.9,3977.191
4448.4,4454.1055
3560.2,3790.306
3898.0,3961.9507
4091.6,4030.5525
3854.2,3788.0774
3655.8,3616.6716
3732.2,3739.9788
4173.7,4246.294
1971.3,1949.1832
1879.0,1866.4691
2002.8,2022.8215
1794.8,1839.2297
219.1,217.33275
173.2,188.38051
152.1,142.47403
131.4,149.33836
3517.9,3596.082
3865.4,3867.647
4642.1,4743.0947
4688.2,4673.1626
348.1,332.0089
321.4,333.17273
371.3,385.8404
389.9,415.69464
7746.475,7746.6914
7746.475,7747.8
7746.475,7747.0376
7746.475,7749.5303
1575.7,1580.0652
1629.6,1605.9242
1585.9,1622.6047
1532.1,1514.833
756.1,764.1352
877.2,874.6345
913.4,925.11487
853.3,840.8184
7746.475,7754.2705
7746.475,7748.478
7746.475,7748.1187
7746.475,7747.389
676.2,672.72406
773.4,770.08203
782.1,778.26276
771.4,783.4991
3566.4,3534.5454
3815.7,3755.3223
4318.4,4262.3687
5365.9,5361.4614
7746.475,7748.309
7746.475,7748.741
7746.475,7747.1475
7746.475,7747.542
382.0,389.59763
400.1,397.5919
423.0,409.77512
433.9,431.09018
7746.475,7742.285
7746.475,7744.3755
7312.2,7626.492
7746.475,7722.5386
3485.6,3444.0781
3717.5,3701.5999
3198.2,3212.466
3204.0,3180.904
1928.1,1896.9592
2059.8,2103.761
2267.8,2263.579
2543.6,2710.4602
3391.8,3393.98
3514.0,3495.4595
4041.2,4018.029
3793.2,3767.4556
7746.475,7752.4897
7746.475,7745.8823
7746.475,7756.003
7746.475,7751.206
307.1,318.36835
287.1,284.26917
292.8,288.22458
332.5,324.47458
5532.0,5463.235
6386.7,6317.6504
7069.7,6854.727
7717.8,7576.8374
1949.4,1851.1608
2487.2,2393.9583
2975.2,3101.5852
3310.2,3344.4934
1385.3,1416.1542
1473.4,1466.8054
1620.6,1611.989
1296.2,1314.7422
1218.5,1231.9719
1268.4,1262.6067
1564.2,1490.9674
1690.8,1710.7773
3201.2,3187.8926
3321.3,3244.4182
3160.7,3088.2898
3168.8,3145.843
1682.1,1685.6843
1521.4,1473.4976
1456.7,1461.5728
1565.1,1579.3235
3590.2,3582.2793
4397.0,4338.734
5121.0,5048.252
5984.4,5786.683
663.3,670.3371
534.5,539.53455
558.3,558.1342
548.4,533.7583
1109.7,1078.8756
1055.8,1024.8087
1158.4,1142.5813
1066.0,1088.7759
533.4,541.6484
574.5,570.8859
584.0,590.1008
607.4,611.5033
1024.1,1005.44073
1039.1,1048.544
1059.2,1045.2635
1051.2,1014.61096
1100.8,1111.3314
1314.6,1300.3529
1374.6,1373.4921
1653.7,1644.0989
7746.475,7742.178
7746.475,7739.321
7746.475,7746.634
7746.475,7745.14
3910.5,3978.8003
3854.7,3862.6655
4167.3,4229.0537
4228.7,4252.716
3074.3,3138.9688
3376.8,3318.4016
4213.0,4125.872
3808.0,3748.9504
1319.6,1338.0057
1386.0,1339.9102
1538.1,1507.1833
1698.2,1680.5985
1936.3,1950.3042
2062.1,2006.2913
1945.4,1946.15
1771.6,1763.6025
822.3,817.19525
895.4,910.85724
906.2,912.16833
1035.8,1028.8944
378.7,363.81808
387.6,368.73172
406.6,391.03204
475.0,482.99777
6316.1,6037.878
6200.4,6163.685
6341.4,6267.2056
6425.2,6413.904
187.9,166.02919
195.0,175.83463
215.6,226.1064
223.8,221.44199
7746.475,7735.04
7746.475,7754.4565
7746.475,7745.65
7746.475,7734.573
1376.2,1324.7231
1428.7,1434.73
1246.7,1251.9756
1327.0,1299.342
1607.4,1627.0803
1860.7,1827.21
2091.3,2059.8096
2340.5,2381.765
7088.7,7299.7617
6870.3,6879.326
7165.8,7074.3296
7730.0,7651.785
7746.475,7747.578
7746.475,7746.7764
7746.475,7748.9604
7746.475,7717.08
568.6,564.13715
544.7,545.0557
478.3,476.1373
551.5,554.72675
7746.475,7746.364
7746.475,7746.91
7746.475,7747.1475
7746.475,7747.389
7746.475,7747.0376
7746.475,7747.669
7746.475,7747.4365
7746.475,7747.6104
2319.6,2327.346
2297.3,2256.6616
2372.3,2436.661
2198.5,2195.757
7746.475,7744.9043
7746.475,7745.8823
7746.475,7748.0996
7746.475,7747.7744
7746.475,7747.6714
7746.475,7748.7764
7746.475,7747.918
7746.475,7747.572
2881.0,2884.4233
2741.0,2755.6746
2686.2,2658.2944
2831.6,2688.8271
7746.475,7747.0376
7746.475,7747.0376
7746.475,7747.0376
7746.475,7747.0376
1178.7,1190.172
1226.3,1226.2903
1360.0,1295.999
1440.4,1450.3917
3331.1,3287.0264
3310.2,3354.1335
3591.5,3604.0657
4173.9,4183.7065
7746.475,7766.3477
7746.475,7753.847
7746.475,7746.766
7746.475,7743.712
6300.5,6368.9536
7103.6,6991.1836
7746.475,7692.1675
7746.475,7749.872
2050.1,2038.4264
2386.8,2313.6775
2272.4,2245.0503
2204.1,2158.388
1201.6,1193.4009
1098.1,1113.6688
1041.7,1046.9761
1028.2,992.9501
323.4,324.58554
326.9,332.23895
336.9,335.4094
284.6,272.9006
961.6,966.11993
973.7,981.9192
983.2,978.5291
1055.4,1083.1598
446.3,444.14713
488.7,488.58133
496.3,507.56723
502.1,515.16156
1021.2,1019.47626
1018.3,994.2611
918.6,924.5178
898.2,888.0115
425.9,428.35364
510.4,500.0816
523.8,527.593
514.8,504.61197
1274.6,1286.0135
1104.0,1071.3048
1183.3,1156.1932
1096.0,1080.3721
2045.6,1984.1562
2223.6,2206.1838
2020.9,1998.6486
2069.6,2040.4712
1126.8,1141.37
1148.8,1166.2933
1164.8,1175.8458
1223.4,1202.387
2112.4,2109.3418
2317.9,2331.575
2461.0,2448.3477
2834.1,2896.5703
501.1,494.83633
477.6,468.62625
460.8,460.48273
451.6,446.68225
7746.475,7749.582
7746.475,7747.182
7746.475,7752.292
7746.475,7747.182
7746.475,7746.358
7746.475,7750.5615
7746.475,7748.0547
7746.475,7747.553
3855.9,3811.8267
4043.4,4180.7227
4860.5,5073.6875
5708.4,5706.307
622.5,607.8729
699.5,698.8605
735.2,731.5101
910.6,922.52576
847.6,850.901
784.9,775.5336
690.2,677.70734
728.5,723.1942
809.1,787.20514
940.5,926.82367
965.3,949.59863
938.1,935.0176
772.8,757.86554
783.1,780.17004
867.7,856.114
882.6,881.24164
3168.0,3124.8132
3095.5,3185.1353
3037.6,2963.7656
2848.3,2986.4016
1483.8,1426.7845
1567.7,1599.1965
1668.8,1687.0957
1933.8,1990.1125
7746.475,7743.0537
7746.475,7738.585
7746.475,7747.109
7746.475,7746.3633
1973.8,1946.8488
2148.6,2167.531
1951.8,2031.5698
2005.8,2017.8289
2052.8,2062.2021
2144.1,2094.5847
2385.3,2400.668
2691.9,2692.7397
1286.0,1260.7738
1189.1,1202.2628
1317.5,1318.2546
1317.7,1316.5992
7746.475,7748.1406
7746.475,7748.5947
7746.475,7748.632
7746.475,7747.428
7746.475,7746.6904
7746.475,7744.908
7746.475,7740.843
7746.475,7743.822
7746.475,7742.4126
7746.475,7743.676
7746.475,7746.521
7746.475,7747.1797
1407.1,1430.9817
1267.1,1244.6293
1338.3,1265.5459
1185.3,1184.9681
199.9,185.18144
212.0,216.98344
216.6,214.61879
237.4,236.49194
4118.6,4094.8098
4551.2,4544.4517
4607.8,4553.031
4349.1,4192.551
3180.9,3226.9822
3238.6,3254.1394
3190.3,3158.0828
3081.5,3122.1592
7746.475,7734.7334
7746.475,7733.399
7746.475,7737.5454
7746.475,7716.359
2300.3,2286.351
2745.0,2761.3076
3204.6,3214.539
3595.3,3589.6042
1616.8,1639.954
1868.1,1981.9257
1976.7,2051.63
1873.5,1936.3605
7746.475,7737.225
7746.475,7748.2017
7746.475,7745.8823
7746.475,7746.727
929.2,950.11646
827.7,810.2462
782.0,783.0534
822.8,836.71094
708.3,721.0649
671.6,664.39026
684.1,698.74097
640.4,650.86414
1033.3,1010.01685
1090.9,1088.8867
1101.5,1104.9083
1169.9,1163.3373
7746.475,7711.747
7746.475,7745.971
7746.475,7748.6567
7746.475,7750.4937
541.8,537.65826
592.7,595.3604
608.7,603.38477
591.4,575.5004
4173.4,4169.968
3919.4,3975.5237
4200.8,4107.7285
4636.3,4634.0083
7746.475,7744.3755
7746.475,7746.7246
7746.475,7744.348
7746.475,7744.3447
540.9,529.7098
542.0,546.3743
498.9,493.7027
522.2,519.58295
2507.5,2541.4731
2657.5,2620.9436
3053.1,3010.4446
3760.6,3673.6724
1221.0,1218.316
1382.6,1374.7175
1553.3,1534.5784
1967.0,2022.3068
7746.475,7747.085
7746.475,7748.856
7746.475,7747.675
7746.475,7747.5786
3880.3,3920.1199
4608.7,4555.651
4741.6,4754.798
5486.0,5545.1353
7746.475,7749.659
7746.475,7746.907
7746.475,7747.1807
7746.475,7747.0376
685.5,676.00415
663.9,660.0073
634.2,637.91016
622.6,634.957
2310.5,2303.2856
2477.8,2481.5886
2906.8,2992.481
2919.5,2920.1262
1334.4,1347.8563
1411.9,1367.3849
1664.2,1676.0519
2098.4,2147.4304
1356.2,1333.9187
1380.0,1412.6484
1330.5,1389.0625
1389.8,1376.477
864.5,865.61084
1034.4,1089.6747
1023.0,1009.1734
1073.9,1085.7048
1686.1,1692.565
1794.4,1777.3115
1689.2,1651.9115
1722.7,1689.7903
674.9,679.0095
738.9,737.7684
771.5,784.5178
797.5,778.2184
843.7,815.5139
975.9,973.203
1046.4,1061.6733
1241.9,1221.2609
651.1,657.68427
711.5,724.2452
719.7,714.13184
715.1,725.71686
2674.8,2662.3826
2692.5,2746.7078
2994.5,3042.833
3143.5,3068.8289
7746.475,7748.775
7746.475,7744.623
7746.475,7748.221
7746.475,7747.5156
2756.6,2740.5188
3007.2,2940.7593
3150.3,3134.0461
3138.4,3145.942
3712.1,3736.7122
3710.0,3768.784
3652.8,3701.2908
3772.6,3778.3406
2382.1,2309.1912
2442.0,2399.669
2500.3,2521.1458
2463.0,2483.5693
1097.2,1093.562
1206.9,1188.7834
1282.8,1290.0176
1234.0,1253.3003
909.2,905.39606
1073.6,1047.7732
1216.6,1221.716
1305.6,1308.9546
7746.475,7747.473
7746.475,7747.754
7746.475,7742.7437
7746.475,7746.79
4207.1,4202.7837
4499.2,4501.862
5516.0,5575.0435
5191.5,5226.515
375.4,370.71872
313.0,294.28595
266.8,266.7706
247.2,237.26016
1944.4,1905.0144
1926.8,1976.3815
1978.5,1960.2955
2234.8,2227.1082
7746.475,7749.5215
7746.475,7731.3384
7746.475,7750.725
7746.475,7751.789
2113.3,2112.4048
2201.5,2262.0522
2228.2,2241.7588
2420.5,2434.2048
1468.9,1427.3085
1789.9,1786.9736
1967.1,1984.465
1721.6,1856.9795
568.9,620.69635
460.0,474.3329
465.0,459.83035
392.1,366.0138
723.5,725.7427
678.0,681.4468
685.8,694.8864
710.2,705.35297
2123.5,2133.1423
2357.7,2327.3372
2502.5,2531.6848
2430.5,2470.7378
2077.3,2095.2078
1727.1,1768.0088
1834.8,1845.5012
1910.2,1893.7421
1333.1,1304.9482
1458.2,1500.6178
1598.1,1571.6279
1871.7,1879.8724
1149.7,1141.1708
1254.8,1267.8737
1510.5,1495.0103
1608.2,1630.0178
4079.3,4151.37
4600.2,4607.9995
4741.9,4723.728
4425.9,4376.5957
425.8,421.06046
370.7,362.8068
351.4,333.4824
329.1,333.48438
7746.475,7761.2227
7746.475,7748.329
7746.475,7746.4907
7746.475,7747.165
3993.8,4271.418
4489.5,4498.8013
5507.7,5647.603
6212.6,6158.953
781.1,771.4334
671.1,636.3026
584.9,583.8046
536.2,540.42303
189.4,183.93239
149.2,129.89728
140.6,124.34497
140.6,155.8369
124.9,131.95616
113.6,124.0827
93.1,114.49242
69.3,97.36611
2304.8,2193.6836
2037.2,2034.628
2253.0,2233.105
2343.5,2372.6135
1102.8,1056.8945
1021.0,1032.3953
1255.9,1177.542
1401.9,1411.5065
2642.5,2653.3057
2869.7,2880.275
3314.6,3292.0125
3751.1,3814.2322
2901.8,2911.6543
3095.9,3040.773
3396.2,3385.005
3558.2,3568.5647
3247.9,3211.7087
3465.2,3420.8855
4084.4,4054.7534
4774.0,4732.822
2576.7,2554.6792
2834.6,2750.398
2978.7,3022.7512
2758.1,2732.914
2448.4,2454.9563
2599.2,2596.1802
2760.7,2756.8298
2666.6,2733.0579
1672.2,1692.7515
1650.3,1625.3848
1853.0,1825.9222
1893.4,1888.571
4993.3,4983.7935
4928.6,4903.2017
5492.8,5448.5254
5949.0,5910.1587
2505.8,2453.2415
2726.7,2681.2747
3445.4,3353.056
4213.9,4089.3242
2788.7,2824.5535
3117.6,3107.5774
3320.2,3311.3335
3611.4,3602.1611
1842.0,1841.022
1878.7,1769.8298
1794.9,1840.5646
2209.3,2182.064
1155.3,1137.0969
1173.0,1177.036
1090.3,1060.0577
1108.8,1126.3916
452.6,454.3164
409.9,405.1897
468.5,470.04138
547.8,530.6083
7746.475,7740.4897
7746.475,7740.8037
7746.475,7740.8037
7746.475,7745.5166
694.6,695.5996
728.9,743.6922
786.0,779.87866
820.5,825.7065
7746.475,7742.7964
7746.475,7738.1045
7746.475,7738.237
7746.475,7736.5347
264.7,268.14688
249.9,244.90067
225.4,217.30237
262.7,250.2059
1744.6,1709.3701
1878.5,1787.5944
2145.0,2172.2961
2004.3,1985.3663
1381.0,1358.7903
1419.8,1428.3503
1382.6,1407.57
1557.5,1557.361
1294.8,1287.7825
1235.1,1237.5175
1419.9,1405.1292
1503.4,1497.132
4894.0,4827.3335
4847.2,4840.631
5477.5,5545.097
5944.8,5908.923
2663.3,2671.9346
3004.5,2992.271
3258.0,3266.1052
3361.4,3370.689
1790.5,1701.2764
1897.2,1878.1072
1891.2,2070.2192
1786.5,1814.5955
1405.8,1414.9153
1412.9,1420.8752
1395.7,1416.8802
1469.1,1507.3234
1280.1,1284.6947
1204.6,1201.0784
1168.8,1175.3557
1162.9,1171.181
6196.1,6191.1953
6669.8,6638.8325
6939.7,7122.6035
7401.1,7473.3267
1337.7,1324.1162
1344.1,1356.0531
1459.8,1519.4296
1498.5,1488.755
7746.475,7746.6914
7746.475,7747.542
7746.475,7748.7266
7746.475,7748.478
4937.8,4887.7935
6159.8,6095.8438
7644.3,7439.81
7746.475,7747.4893
4264.1,4292.2466
4202.6,4147.068
4125.2,4150.067
4360.4,4295.563
1868.8,1860.2195
1966.5,1984.5754
2068.2,2105.8208
2065.6,2094.9438
1216.5,1205.241
1174.4,1139.9495
1139.7,1155.7672
1128.8,1129.8723
3604.5,3521.5903
3624.2,3536.7312
3735.2,3728.6504
4003.6,4238.996
982.1,1008.86816
947.1,964.0753
867.2,860.45
835.3,832.18506
2541.2,2530.6558
2740.8,2685.9133
3445.2,3384.21
3933.7,3932.2615
199.9,205.42213
216.0,227.54695
226.3,226.25313
202.9,197.58319
7746.475,7747.4365
7746.475,7747.389
7746.475,7747.6416
7746.475,7747.1807
864.0,831.059
882.0,890.5614
787.7,758.29376
718.2,710.72375
7179.9,7323.1787
7746.475,7712.4565
7746.475,7699.3
7746.475,7753.2803
7746.475,7744.496
7746.475,7746.3794
7746.475,7745.9307
7746.475,7747.4365
7746.475,7741.3706
7746.475,7739.6357
7746.475,7746.6733
7746.475,7740.241
296.8,284.9156
306.6,302.97983
293.9,280.36346
269.6,273.67407
735.2,734.75494
747.7,736.6309
728.2,736.0105
709.4,710.8153
827.2,827.9082
902.1,893.48193
973.2,960.41223
936.3,921.6572
2858.8,2811.6028
2878.0,2848.564
3252.0,3258.8674
3580.3,3574.4568
650.7,663.5704
576.2,589.9107
547.5,552.66187
574.9,567.76715
729.4,741.9124
735.2,740.3884
817.3,825.3122
964.6,946.61346
638.9,639.81165
701.8,698.0702
729.0,728.08136
800.4,800.24414
5772.2,5698.6616
6568.8,6547.566
7443.4,7572.114
7746.475,7772.899
1687.5,1757.4142
1571.4,1596.5698
1812.4,1838.5696
1982.5,1857.0394
480.3,482.553
531.6,546.61255
561.1,553.7341
558.7,560.21875
6715.1,6705.3022
7065.3,7114.8877
7711.8,7548.1514
7664.5,7568.4287
737.3,717.1314
839.5,835.045
881.7,888.15857
968.5,968.32605
6750.0,6630.0947
7746.475,7712.3022
7594.5,7720.6416
7746.475,7746.934
4072.0,4080.3647
3894.9,3916.9119
3725.8,3624.8245
3392.0,3441.7998
2772.0,2741.1729
2950.0,2962.6865
3147.5,3169.2722
3283.9,3290.8228
391.8,398.4128
407.3,387.9404
417.4,416.4759
438.0,438.68884
1261.6,1242.4441
1420.2,1384.3259
1589.3,1548.4626
1765.3,1813.1533
1189.3,1234.967
1246.4,1272.0319
1152.5,1136.8187
1184.3,1191.7532
1741.9,1712.8281
1806.9,1768.2301
1969.1,2019.1741
1812.5,1794.9604
1341.5,1355.4908
1429.7,1432.6794
1263.9,1262.0215
1111.7,1152.2615
1447.0,1460.017
1359.2,1385.6748
1365.4,1354.8535
1468.4,1483.4998
7746.475,7747.1807
7746.475,7745.2925
7746.475,7748.0996
7746.475,7748.2017
1514.8,1489.1255
1616.0,1584.6852
1717.4,1766.8148
1848.8,1911.0863
7746.475,7598.833
7746.475,7751.789
7746.475,7748.741
7746.475,7748.879
1303.5,1328.3379
1180.9,1202.8445
1198.7,1212.1079
1191.7,1167.5166
4545.1,4520.415
5151.7,5192.453
6226.3,6302.071
6613.5,6527.362
906.6,899.2895
957.1,933.6504
981.9,985.3008
991.3,1033.3446
892.6,906.779
1062.3,1059.0419
1088.4,1081.001
1212.3,1225.417
967.5,976.5116
917.9,912.0649
868.1,850.84357
916.3,914.199
941.4,947.2797
972.9,968.636
1027.5,1034.1497
950.9,971.922
293.0,299.648
336.6,331.19098
339.5,335.70233
361.5,357.20087
801.6,797.66876
730.9,733.92883
718.8,721.097
784.8,795.10986
5767.6,5721.5786
6344.9,6339.7593
7268.9,7295.219
7429.9,7501.9062
1190.7,1168.9827
1044.0,1060.5519
1169.5,1174.5261
1210.3,1175.7715
410.7,406.9727
455.1,456.00864
465.8,466.08783
495.2,475.8866
4576.1,4603.9985
3887.5,3655.6018
3307.4,3395.8818
2663.5,2931.6113
357.5,365.53647
340.9,344.42035
300.0,299.92148
324.8,328.8425
3520.5,3578.3982
3627.0,3682.4102
3731.5,3685.4873
3858.1,3889.6567
1765.8,1727.2163
1842.2,1854.2091
1962.1,1951.9965
2156.1,2207.7322
1379.4,1394.3362
1616.3,1640.0973
1662.4,1642.0668
1832.8,1803.538
3251.0,3360.2847
3456.0,3426.4788
3001.1,3053.8357
3197.2,3246.2424
7258.1,7293.7656
7746.475,7762.3145
7746.475,7746.7754
7746.475,7747.141
1612.7,1569.8943
1755.5,1821.4946
2064.0,2056.7766
2144.8,2135.0063
592.9,600.44714
647.9,645.02716
714.0,709.2704
701.8,694.69434
735.3,724.19824
785.1,769.9277
928.1,951.89453
988.5,987.47125
5836.7,5727.782
6608.5,6569.363
6823.4,6993.3325
7028.0,7006.462
451.5,455.50784
499.5,491.61957
538.2,548.7395
564.1,575.7618
1062.0,1061.8595
1126.5,1142.8245
1273.1,1264.8427
1326.1,1325.7142
2369.2,2339.1868
2245.5,2229.1477
2406.1,2397.244
2252.2,2267.0088
2399.4,2434.9497
2679.6,2682.507
3134.6,3106.8005
3622.1,3730.8179
2765.4,2807.1362
2944.2,2965.2964
2758.0,2785.6116
3164.0,3078.6326
4250.4,4225.77
4486.3,4460.05
4159.3,4091.453
3861.6,3929.762
1068.7,1091.2606
1194.5,1229.2645
1411.9,1432.8593
1573.8,1601.4537
1349.6,1380.7328
1512.5,1513.9734
1394.9,1425.0767
1438.0,1448.654
7746.475,7748.9106
7746.475,7746.9507
7746.475,7747.437
7746.475,7740.5347
370.8,362.18082
367.9,358.3357
401.8,399.11676
434.5,445.53683
6525.7,6529.1167
6323.2,6218.091
6102.1,6128.848
6877.7,6778.203
3958.1,3965.034
4621.8,4714.2153
5096.7,5061.9946
6218.1,5959.297
1095.3,1102.0659
1138.9,1149.5972
1124.2,1123.5704
1102.1,1060.5118
1013.2,1015.3598
1028.7,1042.5507
1212.4,1190.8555
1216.6,1241.5735
5021.4,4992.032
5316.4,5289.112
5537.3,5455.2075
5813.1,5722.299
1453.0,1457.5184
1786.5,1813.2341
1927.6,1851.4613
2282.9,2291.3594
1968.9,2072.7234
2054.0,2121.866
2127.1,2098.002
2012.2,2004.7703
1142.0,1152.0862
1025.6,1012.35547
1259.8,1240.2772
1116.5,1136.85
7746.475,7737.6377
7746.475,7749.255
7746.475,7747.7744
7746.475,7747.6416
152.9,172.51709
139.3,160.04065
153.7,176.34158
140.6,129.41069
2530.1,2531.4958
2694.9,2658.0327
2685.2,2728.1958
2918.7,2917.365
4619.9,4602.556
4971.5,4898.627
5160.3,5117.6367
4739.7,4859.486
7095.7,7073.0503
7673.7,7603.2007
7746.475,7746.1606
7746.475,7746.1587
2192.9,2176.0518
2297.0,2349.2776
2702.6,2792.1807
2952.4,2985.8633
695.8,692.8257
642.3,650.4648
696.6,708.4674
625.1,635.02997
7746.475,7735.396
7746.475,7747.346
7746.475,7747.4854
7746.475,7749.9473
2643.4,2675.2104
2767.8,2694.8794
3107.8,3260.844
3253.1,3294.6091
6680.0,6636.9526
6712.9,6604.9194
6456.6,6379.705
6717.9,6749.3906
4064.2,4071.4849
4721.5,4734.132
5770.8,5715.8267
6722.7,6698.5425
1836.6,1757.4214
1976.6,1930.1753
2181.6,2158.2217
2317.6,2322.0923
1480.0,1476.6481
1607.1,1629.3481
1536.3,1551.4259
1596.4,1572.585
468.5,464.95795
494.2,472.68396
444.5,447.22903
476.9,466.6097
7746.475,7748.1494
7746.475,7747.4365
7746.475,7746.6914
7746.475,7747.4365
1845.4,1827.8938
1794.5,1819.8129
2065.7,2025.8801
2224.3,2281.6196
1455.7,1482.9974
1419.9,1460.7528
1285.4,1274.7834
1217.3,1241.5133
5828.9,5810.261
5682.7,5607.5894
5709.1,5860.6763
6501.8,6557.4727
4053.8,4049.7185
4308.6,4257.7646
4333.5,4336.45
4789.9,4749.088
7746.475,7746.91
7746.475,7748.1187
7746.475,7749.301
7746.475,7747.6416
2759.3,2780.427
3059.7,3036.1807
3264.2,3268.6235
3785.2,3725.6467
1696.2,1779.6699
1713.6,1783.4935
1811.0,1869.9537
1803.6,1739.0192
4765.6,4705.2754
5237.5,5251.0034
5928.5,5930.6084
6710.5,6703.2573
561.2,556.4537
570.9,568.40906
564.0,571.4209
624.9,628.16235
391.4,384.76752
417.4,408.9858
355.4,335.65768
326.1,336.36316
7746.475,7746.984
7746.475,7745.408
7746.475,7747.5083
7746.475,7747.389
4157.8,4316.331
5130.7,5295.5254
5582.9,5600.7427
6466.6,6554.0366
1517.4,1524.38
1614.3,1549.1187
1672.2,1699.189
1724.9,1764.1387
7746.475,7747.452
7746.475,7743.9233
7746.475,7750.9463
7746.475,7745.5923
4712.6,4694.725
5432.2,5541.2188
5970.5,6018.2925
6509.1,6383.518
3514.8,3508.3945
3092.3,3272.7275
3390.7,3398.8713
3723.8,3696.0276
817.7,828.9164
982.5,978.05914
1109.4,1109.231
1217.1,1203.4999
1166.1,1188.6865
1340.2,1362.0872
1145.1,1089.3208
1180.5,1191.7621
6315.9,6309.174
6723.4,6764.7456
6953.5,7184.3647
7746.475,7695.4775
1952.7,1923.5317
2204.6,2138.651
2168.0,2117.9368
2372.4,2382.8616
2213.0,2275.4534
2238.9,2207.1333
2390.3,2405.3008
2805.6,2796.7522
5028.5,5196.0073
5431.8,5454.386
5915.9,5883.3516
5503.9,5395.5283
639.8,646.8219
623.2,625.4899
634.7,639.99084
642.9,656.7017
1561.9,1540.1066
1776.7,1786.2167
1838.2,1768.9794
2042.3,1966.8623
5340.0,5263.7153
5178.3,5192.3965
5464.8,5488.093
5700.3,5678.541
3518.8,3515.3613
3417.1,3438.427
3183.2,3191.6606
3173.5,3166.7627
